,val_teacher_forcing_accuracy,epoch,trial,group,name
0,0.5214688777923584,0,,relational_abstractor2-medium,trial=0
1,0.548699140548706,1,,relational_abstractor2-medium,trial=0
2,0.5657711029052734,2,,relational_abstractor2-medium,trial=0
3,0.5819031000137329,3,,relational_abstractor2-medium,trial=0
4,0.596064031124115,4,,relational_abstractor2-medium,trial=0
5,0.601825475692749,5,,relational_abstractor2-medium,trial=0
6,0.6065558791160583,6,,relational_abstractor2-medium,trial=0
7,0.6077384948730469,7,,relational_abstractor2-medium,trial=0
8,0.6053126454353333,8,,relational_abstractor2-medium,trial=0
9,0.6167747974395752,9,,relational_abstractor2-medium,trial=0
10,0.6182000041007996,10,,relational_abstractor2-medium,trial=0
11,0.6197768449783325,11,,relational_abstractor2-medium,trial=0
12,0.6100430488586426,12,,relational_abstractor2-medium,trial=0
13,0.6257808208465576,13,,relational_abstractor2-medium,trial=0
14,0.6241737008094788,14,,relational_abstractor2-medium,trial=0
15,0.6341500282287598,15,,relational_abstractor2-medium,trial=0
16,0.6335738897323608,16,,relational_abstractor2-medium,trial=0
17,0.6370913982391357,17,,relational_abstractor2-medium,trial=0
18,0.642397940158844,18,,relational_abstractor2-medium,trial=0
19,0.6379707455635071,19,,relational_abstractor2-medium,trial=0
20,0.6429740786552429,20,,relational_abstractor2-medium,trial=0
21,0.5347201228141785,0,,relational_abstractor-medium,trial=4
22,0.5579780340194702,1,,relational_abstractor-medium,trial=4
23,0.5696828365325928,2,,relational_abstractor-medium,trial=4
24,0.5710473656654358,3,,relational_abstractor-medium,trial=4
25,0.5765358805656433,4,,relational_abstractor-medium,trial=4
26,0.5914852619171143,5,,relational_abstractor-medium,trial=4
27,0.6279640793800354,6,,relational_abstractor-medium,trial=4
28,0.6421856880187988,7,,relational_abstractor-medium,trial=4
29,0.6303293108940125,8,,relational_abstractor-medium,trial=4
30,0.6734186410903931,9,,relational_abstractor-medium,trial=4
31,0.6729941368103027,10,,relational_abstractor-medium,trial=4
32,0.6826975345611572,11,,relational_abstractor-medium,trial=4
33,0.6656559109687805,12,,relational_abstractor-medium,trial=4
34,0.6981017589569092,13,,relational_abstractor-medium,trial=4
35,0.7131117582321167,14,,relational_abstractor-medium,trial=4
36,0.7159014940261841,15,,relational_abstractor-medium,trial=4
37,0.7140517830848694,16,,relational_abstractor-medium,trial=4
38,0.7269694805145264,17,,relational_abstractor-medium,trial=4
39,0.7240584492683411,18,,relational_abstractor-medium,trial=4
40,0.7232094407081604,19,,relational_abstractor-medium,trial=4
41,0.7371581196784973,20,,relational_abstractor-medium,trial=4
42,0.7335496544837952,21,,relational_abstractor-medium,trial=4
43,0.7392200827598572,22,,relational_abstractor-medium,trial=4
44,0.7423130869865417,23,,relational_abstractor-medium,trial=4
45,0.7370671629905701,24,,relational_abstractor-medium,trial=4
46,0.7413427233695984,25,,relational_abstractor-medium,trial=4
47,0.7386136054992676,26,,relational_abstractor-medium,trial=4
48,0.7486506104469299,27,,relational_abstractor-medium,trial=4
49,0.7370064854621887,28,,relational_abstractor-medium,trial=4
50,0.7304263710975647,29,,relational_abstractor-medium,trial=4
51,0.7462247610092163,30,,relational_abstractor-medium,trial=4
52,0.7502274513244629,31,,relational_abstractor-medium,trial=4
53,0.7568075656890869,32,,relational_abstractor-medium,trial=4
54,0.7645400166511536,33,,relational_abstractor-medium,trial=4
55,0.7639638781547546,34,,relational_abstractor-medium,trial=4
56,0.7704530358314514,35,,relational_abstractor-medium,trial=4
57,0.7645702958106995,36,,relational_abstractor-medium,trial=4
58,0.7526835799217224,37,,relational_abstractor-medium,trial=4
59,0.7603554129600525,38,,relational_abstractor-medium,trial=4
60,0.7650554776191711,39,,relational_abstractor-medium,trial=4
61,0.7531384825706482,40,,relational_abstractor-medium,trial=4
62,0.7703014016151428,41,,relational_abstractor-medium,trial=4
63,0.7665413022041321,42,,relational_abstractor-medium,trial=4
64,0.7790648341178894,43,,relational_abstractor-medium,trial=4
65,0.7572624087333679,44,,relational_abstractor-medium,trial=4
66,0.7719388604164124,45,,relational_abstractor-medium,trial=4
67,0.7662684321403503,46,,relational_abstractor-medium,trial=4
68,0.7672387361526489,47,,relational_abstractor-medium,trial=4
69,0.7802777886390686,48,,relational_abstractor-medium,trial=4
70,0.7636302709579468,49,,relational_abstractor-medium,trial=4
71,0.5225908160209656,0,,relational_abstractor-medium,trial=4
72,0.5336588025093079,1,,relational_abstractor-medium,trial=4
73,0.5429074168205261,2,,relational_abstractor-medium,trial=4
74,0.5546121597290039,3,,relational_abstractor-medium,trial=4
75,0.5654375553131104,4,,relational_abstractor-medium,trial=4
76,0.6013099551200867,5,,relational_abstractor-medium,trial=4
77,0.6204742789268494,6,,relational_abstractor-medium,trial=4
78,0.6250833868980408,7,,relational_abstractor-medium,trial=4
79,0.6398507952690125,8,,relational_abstractor-medium,trial=4
80,0.6428225040435791,9,,relational_abstractor-medium,trial=4
81,0.6496148705482483,10,,relational_abstractor-medium,trial=4
82,0.6469464302062988,11,,relational_abstractor-medium,trial=4
83,0.6463096737861633,12,,relational_abstractor-medium,trial=4
84,0.6585299372673035,13,,relational_abstractor-medium,trial=4
85,0.6601067185401917,14,,relational_abstractor-medium,trial=4
86,0.6627145409584045,15,,relational_abstractor-medium,trial=4
87,0.6633816361427307,16,,relational_abstractor-medium,trial=4
88,0.6663230061531067,17,,relational_abstractor-medium,trial=4
89,0.6712050437927246,18,,relational_abstractor-medium,trial=4
90,0.6628054976463318,19,,relational_abstractor-medium,trial=4
91,0.667657196521759,20,,relational_abstractor-medium,trial=4
92,0.6693856716156006,21,,relational_abstractor-medium,trial=4
93,0.6770574450492859,22,,relational_abstractor-medium,trial=4
94,0.6734793186187744,23,,relational_abstractor-medium,trial=4
95,0.677390992641449,24,,relational_abstractor-medium,trial=4
96,0.6745405793190002,25,,relational_abstractor-medium,trial=4
97,0.6789071559906006,26,,relational_abstractor-medium,trial=4
98,0.6792407035827637,27,,relational_abstractor-medium,trial=4
99,0.6823639869689941,28,,relational_abstractor-medium,trial=4
100,0.6803626418113708,29,,relational_abstractor-medium,trial=4
101,0.6907029151916504,30,,relational_abstractor-medium,trial=4
102,0.6890047788619995,31,,relational_abstractor-medium,trial=4
103,0.6867305636405945,32,,relational_abstractor-medium,trial=4
104,0.677390992641449,33,,relational_abstractor-medium,trial=4
105,0.684516966342926,34,,relational_abstractor-medium,trial=4
106,0.6852750182151794,35,,relational_abstractor-medium,trial=4
107,0.6867305636405945,36,,relational_abstractor-medium,trial=4
108,0.6918248534202576,37,,relational_abstractor-medium,trial=4
109,0.6930984258651733,38,,relational_abstractor-medium,trial=4
110,0.6862453818321228,39,,relational_abstractor-medium,trial=4
111,0.6839104890823364,40,,relational_abstractor-medium,trial=4
112,0.6927952170372009,41,,relational_abstractor-medium,trial=4
113,0.6923706531524658,42,,relational_abstractor-medium,trial=4
114,0.6906725764274597,43,,relational_abstractor-medium,trial=4
115,0.6901267766952515,44,,relational_abstractor-medium,trial=4
116,0.6958275437355042,45,,relational_abstractor-medium,trial=4
117,0.6947055459022522,46,,relational_abstractor-medium,trial=4
118,0.695524275302887,47,,relational_abstractor-medium,trial=4
119,0.6985869407653809,48,,relational_abstractor-medium,trial=4
120,0.7034689784049988,49,,relational_abstractor-medium,trial=4
121,0.5273212194442749,0,,relational_abstractor-medium,trial=4
122,0.5476074814796448,1,,relational_abstractor-medium,trial=4
123,0.5583115816116333,2,,relational_abstractor-medium,trial=4
124,0.5644065737724304,3,,relational_abstractor-medium,trial=4
125,0.5799927115440369,4,,relational_abstractor-medium,trial=4
126,0.6001880168914795,5,,relational_abstractor-medium,trial=4
127,0.6077688336372375,6,,relational_abstractor-medium,trial=4
128,0.6239917278289795,7,,relational_abstractor-medium,trial=4
129,0.6248711347579956,8,,relational_abstractor-medium,trial=4
130,0.6393959522247314,9,,relational_abstractor-medium,trial=4
131,0.6361817121505737,10,,relational_abstractor-medium,trial=4
132,0.6406998634338379,11,,relational_abstractor-medium,trial=4
133,0.6441264152526855,12,,relational_abstractor-medium,trial=4
134,0.645218014717102,13,,relational_abstractor-medium,trial=4
135,0.655406653881073,14,,relational_abstractor-medium,trial=4
136,0.6508278250694275,15,,relational_abstractor-medium,trial=4
137,0.6574382781982422,16,,relational_abstractor-medium,trial=4
138,0.6527382135391235,17,,relational_abstractor-medium,trial=4
139,0.662896454334259,18,,relational_abstractor-medium,trial=4
140,0.660167396068573,19,,relational_abstractor-medium,trial=4
141,0.6575595736503601,20,,relational_abstractor-medium,trial=4
142,0.6654133200645447,21,,relational_abstractor-medium,trial=4
143,0.6628054976463318,22,,relational_abstractor-medium,trial=4
144,0.6631390452384949,23,,relational_abstractor-medium,trial=4
145,0.6571654081344604,24,,relational_abstractor-medium,trial=4
146,0.6676875352859497,25,,relational_abstractor-medium,trial=4
147,0.6628054976463318,26,,relational_abstractor-medium,trial=4
148,0.6600461006164551,27,,relational_abstractor-medium,trial=4
149,0.6714476346969604,28,,relational_abstractor-medium,trial=4
150,0.6612287163734436,29,,relational_abstractor-medium,trial=4
151,0.6701133847236633,30,,relational_abstractor-medium,trial=4
152,0.6620171070098877,31,,relational_abstractor-medium,trial=4
153,0.6553459763526917,32,,relational_abstractor-medium,trial=4
154,0.6595609188079834,33,,relational_abstractor-medium,trial=4
155,0.6774213314056396,34,,relational_abstractor-medium,trial=4
156,0.6503729820251465,35,,relational_abstractor-medium,trial=4
157,0.6486748456954956,36,,relational_abstractor-medium,trial=4
158,0.6623809933662415,37,,relational_abstractor-medium,trial=4
159,0.6651403903961182,38,,relational_abstractor-medium,trial=4
160,0.6637151837348938,39,,relational_abstractor-medium,trial=4
161,0.6679908037185669,40,,relational_abstractor-medium,trial=4
162,0.664018452167511,41,,relational_abstractor-medium,trial=4
163,0.6681727170944214,42,,relational_abstractor-medium,trial=4
164,0.672630250453949,43,,relational_abstractor-medium,trial=4
165,0.6613802909851074,44,,relational_abstractor-medium,trial=4
166,0.6643519997596741,45,,relational_abstractor-medium,trial=4
167,0.669688880443573,46,,relational_abstractor-medium,trial=4
168,0.6566498875617981,47,,relational_abstractor-medium,trial=4
169,0.6509491205215454,48,,relational_abstractor-medium,trial=4
170,0.6588331460952759,49,,relational_abstractor-medium,trial=4
171,0.5265935063362122,0,,relational_abstractor-medium,trial=4
172,0.5371459722518921,1,,relational_abstractor-medium,trial=4
173,0.5612529516220093,2,,relational_abstractor-medium,trial=4
174,0.5799623727798462,3,,relational_abstractor-medium,trial=4
175,0.6001880168914795,4,,relational_abstractor-medium,trial=4
176,0.6233246326446533,5,,relational_abstractor-medium,trial=4
177,0.6412456631660461,6,,relational_abstractor-medium,trial=4
178,0.6435805559158325,7,,relational_abstractor-medium,trial=4
179,0.6494632959365845,8,,relational_abstractor-medium,trial=4
180,0.6547092199325562,9,,relational_abstractor-medium,trial=4
181,0.6654133200645447,10,,relational_abstractor-medium,trial=4
182,0.6739644408226013,11,,relational_abstractor-medium,trial=4
183,0.6671417355537415,12,,relational_abstractor-medium,trial=4
184,0.671265721321106,13,,relational_abstractor-medium,trial=4
185,0.6750257611274719,14,,relational_abstractor-medium,trial=4
186,0.6873067021369934,15,,relational_abstractor-medium,trial=4
187,0.6746922135353088,16,,relational_abstractor-medium,trial=4
188,0.683061420917511,17,,relational_abstractor-medium,trial=4
189,0.6923706531524658,18,,relational_abstractor-medium,trial=4
190,0.6976772546768188,19,,relational_abstractor-medium,trial=4
191,0.7001334428787231,20,,relational_abstractor-medium,trial=4
192,0.7025896310806274,21,,relational_abstractor-medium,trial=4
193,0.6975862979888916,22,,relational_abstractor-medium,trial=4
194,0.6969494819641113,23,,relational_abstractor-medium,trial=4
195,0.7014676332473755,24,,relational_abstractor-medium,trial=4
196,0.7058038711547852,25,,relational_abstractor-medium,trial=4
197,0.7047425508499146,26,,relational_abstractor-medium,trial=4
198,0.7077445387840271,27,,relational_abstractor-medium,trial=4
199,0.7048032283782959,28,,relational_abstractor-medium,trial=4
200,0.7055309414863586,29,,relational_abstractor-medium,trial=4
201,0.7065619230270386,30,,relational_abstractor-medium,trial=4
202,0.7081084251403809,31,,relational_abstractor-medium,trial=4
203,0.7136576175689697,32,,relational_abstractor-medium,trial=4
204,0.713081419467926,33,,relational_abstractor-medium,trial=4
205,0.7148705124855042,34,,relational_abstractor-medium,trial=4
206,0.708987832069397,35,,relational_abstractor-medium,trial=4
207,0.7148705124855042,36,,relational_abstractor-medium,trial=4
208,0.7136878967285156,37,,relational_abstractor-medium,trial=4
209,0.7172660827636719,38,,relational_abstractor-medium,trial=4
210,0.7167202234268188,39,,relational_abstractor-medium,trial=4
211,0.7139608263969421,40,,relational_abstractor-medium,trial=4
212,0.7173267006874084,41,,relational_abstractor-medium,trial=4
213,0.7259991765022278,42,,relational_abstractor-medium,trial=4
214,0.7106252908706665,43,,relational_abstractor-medium,trial=4
215,0.7205106616020203,44,,relational_abstractor-medium,trial=4
216,0.7265146374702454,45,,relational_abstractor-medium,trial=4
217,0.7253623604774475,46,,relational_abstractor-medium,trial=4
218,0.7148705124855042,47,,relational_abstractor-medium,trial=4
219,0.7236642837524414,48,,relational_abstractor-medium,trial=4
220,0.7234823107719421,49,,relational_abstractor-medium,trial=4
221,0.5318090915679932,0,,relational_abstractor-medium,trial=4
222,0.5452119708061218,1,,relational_abstractor-medium,trial=4
223,0.5512462854385376,2,,relational_abstractor-medium,trial=4
224,0.558220624923706,3,,relational_abstractor-medium,trial=4
225,0.562526524066925,4,,relational_abstractor-medium,trial=4
226,0.5738977789878845,5,,relational_abstractor-medium,trial=4
227,0.5843592882156372,6,,relational_abstractor-medium,trial=4
228,0.5922433137893677,7,,relational_abstractor-medium,trial=4
229,0.6163806319236755,8,,relational_abstractor-medium,trial=4
230,0.6304202675819397,9,,relational_abstractor-medium,trial=4
231,0.6450967192649841,10,,relational_abstractor-medium,trial=4
232,0.6545272469520569,11,,relational_abstractor-medium,trial=4
233,0.659166693687439,12,,relational_abstractor-medium,trial=4
234,0.6684759259223938,13,,relational_abstractor-medium,trial=4
235,0.6725695729255676,14,,relational_abstractor-medium,trial=4
236,0.6799684762954712,15,,relational_abstractor-medium,trial=4
237,0.6784219741821289,16,,relational_abstractor-medium,trial=4
238,0.6828795075416565,17,,relational_abstractor-medium,trial=4
239,0.6924919486045837,18,,relational_abstractor-medium,trial=4
240,0.6872460246086121,19,,relational_abstractor-medium,trial=4
241,0.6824246644973755,20,,relational_abstractor-medium,trial=4
242,0.6994662880897522,21,,relational_abstractor-medium,trial=4
243,0.7048032283782959,22,,relational_abstractor-medium,trial=4
244,0.6962823867797852,23,,relational_abstractor-medium,trial=4
245,0.7033476829528809,24,,relational_abstractor-medium,trial=4
246,0.6974043250083923,25,,relational_abstractor-medium,trial=4
247,0.6981017589569092,26,,relational_abstractor-medium,trial=4
248,0.7010127902030945,27,,relational_abstractor-medium,trial=4
249,0.7067438960075378,28,,relational_abstractor-medium,trial=4
250,0.7004669904708862,29,,relational_abstractor-medium,trial=4
251,0.7016192674636841,30,,relational_abstractor-medium,trial=4
252,0.7186306118965149,31,,relational_abstractor-medium,trial=4
253,0.7114440202713013,32,,relational_abstractor-medium,trial=4
254,0.7132633924484253,33,,relational_abstractor-medium,trial=4
255,0.7051064372062683,34,,relational_abstractor-medium,trial=4
256,0.7273940443992615,35,,relational_abstractor-medium,trial=4
257,0.7273333668708801,36,,relational_abstractor-medium,trial=4
258,0.7114440202713013,37,,relational_abstractor-medium,trial=4
259,0.7239978313446045,38,,relational_abstractor-medium,trial=4
260,0.7135059833526611,39,,relational_abstractor-medium,trial=4
261,0.7363393902778625,40,,relational_abstractor-medium,trial=4
262,0.7323670387268066,41,,relational_abstractor-medium,trial=4
263,0.7339438199996948,42,,relational_abstractor-medium,trial=4
264,0.7332767248153687,43,,relational_abstractor-medium,trial=4
265,0.7402814030647278,44,,relational_abstractor-medium,trial=4
266,0.7406149506568909,45,,relational_abstractor-medium,trial=4
267,0.7461944222450256,46,,relational_abstractor-medium,trial=4
268,0.737643301486969,47,,relational_abstractor-medium,trial=4
269,0.7421614527702332,48,,relational_abstractor-medium,trial=4
270,0.7431620955467224,49,,relational_abstractor-medium,trial=4
271,0.5203166007995605,0,,transformer-medium+,trial=4
272,0.5400873422622681,1,,transformer-medium+,trial=4
273,0.5443022847175598,2,,transformer-medium+,trial=4
274,0.5523985624313354,3,,transformer-medium+,trial=4
275,0.5574625730514526,4,,transformer-medium+,trial=4
276,0.5698647499084473,5,,transformer-medium+,trial=4
277,0.5777791142463684,6,,transformer-medium+,trial=4
278,0.5862999558448792,7,,transformer-medium+,trial=4
279,0.5923342704772949,8,,transformer-medium+,trial=4
280,0.5961853265762329,9,,transformer-medium+,trial=4
281,0.6015828847885132,10,,transformer-medium+,trial=4
282,0.603766143321991,11,,transformer-medium+,trial=4
283,0.6025229096412659,12,,transformer-medium+,trial=4
284,0.6128631234169006,13,,transformer-medium+,trial=4
285,0.6241737008094788,14,,transformer-medium+,trial=4
286,0.6244769096374512,15,,transformer-medium+,trial=4
287,0.627206027507782,16,,transformer-medium+,trial=4
288,0.6280853748321533,17,,transformer-medium+,trial=4
289,0.6344229578971863,18,,transformer-medium+,trial=4
290,0.6267208456993103,19,,transformer-medium+,trial=4
291,0.6368488073348999,20,,transformer-medium+,trial=4
292,0.634908139705658,21,,transformer-medium+,trial=4
293,0.6438231468200684,22,,transformer-medium+,trial=4
294,0.6457335352897644,23,,transformer-medium+,trial=4
295,0.6407604813575745,24,,transformer-medium+,trial=4
296,0.6445205807685852,25,,transformer-medium+,trial=4
297,0.6515252590179443,26,,transformer-medium+,trial=4
298,0.6522226929664612,27,,transformer-medium+,trial=4
299,0.6507368683815002,28,,transformer-medium+,trial=4
300,0.6521620750427246,29,,transformer-medium+,trial=4
301,0.6507368683815002,30,,transformer-medium+,trial=4
302,0.6575595736503601,31,,transformer-medium+,trial=4
303,0.6590151190757751,32,,transformer-medium+,trial=4
304,0.6578628420829773,33,,transformer-medium+,trial=4
305,0.654739499092102,34,,transformer-medium+,trial=4
306,0.6594092845916748,35,,transformer-medium+,trial=4
307,0.6634423136711121,36,,transformer-medium+,trial=4
308,0.6693553328514099,37,,transformer-medium+,trial=4
309,0.66729336977005,38,,transformer-medium+,trial=4
310,0.6639881134033203,39,,transformer-medium+,trial=4
311,0.6691127419471741,40,,transformer-medium+,trial=4
312,0.6688701510429382,41,,transformer-medium+,trial=4
313,0.6643519997596741,42,,transformer-medium+,trial=4
314,0.6746618747711182,43,,transformer-medium+,trial=4
315,0.6718418598175049,44,,transformer-medium+,trial=4
316,0.6705379486083984,45,,transformer-medium+,trial=4
317,0.6707805395126343,46,,transformer-medium+,trial=4
318,0.6751773953437805,47,,transformer-medium+,trial=4
319,0.6724482774734497,48,,transformer-medium+,trial=4
320,0.6813936829566956,49,,transformer-medium+,trial=4
321,0.5245921611785889,0,,transformer-medium+,trial=4
322,0.5311116576194763,1,,transformer-medium+,trial=4
323,0.5341743230819702,2,,transformer-medium+,trial=4
324,0.5363272428512573,3,,transformer-medium+,trial=4
325,0.5413305759429932,4,,transformer-medium+,trial=4
326,0.5423009395599365,5,,transformer-medium+,trial=4
327,0.5480017066001892,6,,transformer-medium+,trial=4
328,0.5521256327629089,7,,transformer-medium+,trial=4
329,0.5525805354118347,8,,transformer-medium+,trial=4
330,0.5535508394241333,9,,transformer-medium+,trial=4
331,0.5551276803016663,10,,transformer-medium+,trial=4
332,0.560161292552948,11,,transformer-medium+,trial=4
333,0.5603129267692566,12,,transformer-medium+,trial=4
334,0.5598884224891663,13,,transformer-medium+,trial=4
335,0.559251606464386,14,,transformer-medium+,trial=4
336,0.5594335794448853,15,,transformer-medium+,trial=4
337,0.562526524066925,16,,transformer-medium+,trial=4
338,0.5641943216323853,17,,transformer-medium+,trial=4
339,0.5634968876838684,18,,transformer-medium+,trial=4
340,0.5644065737724304,19,,transformer-medium+,trial=4
341,0.5685305595397949,20,,transformer-medium+,trial=4
342,0.5721390247344971,21,,transformer-medium+,trial=4
343,0.5716235041618347,22,,transformer-medium+,trial=4
344,0.5753229260444641,23,,transformer-medium+,trial=4
345,0.5777487754821777,24,,transformer-medium+,trial=4
346,0.5798107981681824,25,,transformer-medium+,trial=4
347,0.5844199061393738,26,,transformer-medium+,trial=4
348,0.5835405588150024,27,,transformer-medium+,trial=4
349,0.5854508876800537,28,,transformer-medium+,trial=4
350,0.5894535779953003,29,,transformer-medium+,trial=4
351,0.5889380574226379,30,,transformer-medium+,trial=4
352,0.589362621307373,31,,transformer-medium+,trial=4
353,0.5878767371177673,32,,transformer-medium+,trial=4
354,0.592667818069458,33,,transformer-medium+,trial=4
355,0.5921220183372498,34,,transformer-medium+,trial=4
356,0.5906058549880981,35,,transformer-medium+,trial=4
357,0.5919703841209412,36,,transformer-medium+,trial=4
358,0.5952453017234802,37,,transformer-medium+,trial=4
359,0.594578206539154,38,,transformer-medium+,trial=4
360,0.5926981568336487,39,,transformer-medium+,trial=4
361,0.5947601199150085,40,,transformer-medium+,trial=4
362,0.5952756404876709,41,,transformer-medium+,trial=4
363,0.596518874168396,42,,transformer-medium+,trial=4
364,0.5961853265762329,43,,transformer-medium+,trial=4
365,0.5957608222961426,44,,transformer-medium+,trial=4
366,0.598429262638092,45,,transformer-medium+,trial=4
367,0.5986718535423279,46,,transformer-medium+,trial=4
368,0.592212975025177,47,,transformer-medium+,trial=4
369,0.5952453017234802,48,,transformer-medium+,trial=4
370,0.5959730744361877,49,,transformer-medium+,trial=4
371,0.5237430930137634,0,,transformer-medium+,trial=4
372,0.5367820858955383,1,,transformer-medium+,trial=4
373,0.5430589914321899,2,,transformer-medium+,trial=4
374,0.5501243472099304,3,,transformer-medium+,trial=4
375,0.553005039691925,4,,transformer-medium+,trial=4
376,0.556856095790863,5,,transformer-medium+,trial=4
377,0.5570986866950989,6,,transformer-medium+,trial=4
378,0.558796763420105,7,,transformer-medium+,trial=4
379,0.5617987513542175,8,,transformer-medium+,trial=4
380,0.5698647499084473,9,,transformer-medium+,trial=4
381,0.5717751383781433,10,,transformer-medium+,trial=4
382,0.5769907236099243,11,,transformer-medium+,trial=4
383,0.5852689743041992,12,,transformer-medium+,trial=4
384,0.5844199061393738,13,,transformer-medium+,trial=4
385,0.5919097661972046,14,,transformer-medium+,trial=4
386,0.5948207974433899,15,,transformer-medium+,trial=4
387,0.5950937271118164,16,,transformer-medium+,trial=4
388,0.5978227853775024,17,,transformer-medium+,trial=4
389,0.601279616355896,18,,transformer-medium+,trial=4
390,0.601279616355896,19,,transformer-medium+,trial=4
391,0.6101643443107605,20,,transformer-medium+,trial=4
392,0.6082236766815186,21,,transformer-medium+,trial=4
393,0.6116198897361755,22,,transformer-medium+,trial=4
394,0.6114682555198669,23,,transformer-medium+,trial=4
395,0.6148037910461426,24,,transformer-medium+,trial=4
396,0.6129237413406372,25,,transformer-medium+,trial=4
397,0.6135908961296082,26,,transformer-medium+,trial=4
398,0.6182909607887268,27,,transformer-medium+,trial=4
399,0.6126508712768555,28,,transformer-medium+,trial=4
400,0.6191096901893616,29,,transformer-medium+,trial=4
401,0.618594229221344,30,,transformer-medium+,trial=4
402,0.6228394508361816,31,,transformer-medium+,trial=4
403,0.6275092363357544,32,,transformer-medium+,trial=4
404,0.6267814636230469,33,,transformer-medium+,trial=4
405,0.6259930729866028,34,,transformer-medium+,trial=4
406,0.6309661269187927,35,,transformer-medium+,trial=4
407,0.6320273876190186,36,,transformer-medium+,trial=4
408,0.6334222555160522,37,,transformer-medium+,trial=4
409,0.6312086582183838,38,,transformer-medium+,trial=4
410,0.6383346319198608,39,,transformer-medium+,trial=4
411,0.632421612739563,40,,transformer-medium+,trial=4
412,0.6260537505149841,41,,transformer-medium+,trial=4
413,0.6369701027870178,42,,transformer-medium+,trial=4
414,0.6330887079238892,43,,transformer-medium+,trial=4
415,0.6333616375923157,44,,transformer-medium+,trial=4
416,0.6359391212463379,45,,transformer-medium+,trial=4
417,0.6404269337654114,46,,transformer-medium+,trial=4
418,0.6397294998168945,47,,transformer-medium+,trial=4
419,0.6382133364677429,48,,transformer-medium+,trial=4
420,0.6379707455635071,49,,transformer-medium+,trial=4
421,0.5135847926139832,0,,transformer-medium+,trial=4
422,0.5257444381713867,1,,transformer-medium+,trial=4
423,0.5342652797698975,2,,transformer-medium+,trial=4
424,0.5436958074569702,3,,transformer-medium+,trial=4
425,0.5451512932777405,4,,transformer-medium+,trial=4
426,0.5518831014633179,5,,transformer-medium+,trial=4
427,0.5520346760749817,6,,transformer-medium+,trial=4
428,0.5519133806228638,7,,transformer-medium+,trial=4
429,0.5520346760749817,8,,transformer-medium+,trial=4
430,0.5577354431152344,9,,transformer-medium+,trial=4
431,0.5611013174057007,10,,transformer-medium+,trial=4
432,0.5653465986251831,11,,transformer-medium+,trial=4
433,0.5639517307281494,12,,transformer-medium+,trial=4
434,0.5670446753501892,13,,transformer-medium+,trial=4
435,0.5656498074531555,14,,transformer-medium+,trial=4
436,0.5661046504974365,15,,transformer-medium+,trial=4
437,0.5631936192512512,16,,transformer-medium+,trial=4
438,0.5673479437828064,17,,transformer-medium+,trial=4
439,0.5656195282936096,18,,transformer-medium+,trial=4
440,0.5674995183944702,19,,transformer-medium+,trial=4
441,0.5700770020484924,20,,transformer-medium+,trial=4
442,0.5672569870948792,21,,transformer-medium+,trial=4
443,0.5714718699455261,22,,transformer-medium+,trial=4
444,0.5718660950660706,23,,transformer-medium+,trial=4
445,0.5728061199188232,24,,transformer-medium+,trial=4
446,0.5735035538673401,25,,transformer-medium+,trial=4
447,0.5764145851135254,26,,transformer-medium+,trial=4
448,0.5771120190620422,27,,transformer-medium+,trial=4
449,0.5819031000137329,28,,transformer-medium+,trial=4
450,0.5825701951980591,29,,transformer-medium+,trial=4
451,0.5889683961868286,30,,transformer-medium+,trial=4
452,0.590848445892334,31,,transformer-medium+,trial=4
453,0.592880129814148,32,,transformer-medium+,trial=4
454,0.5935472249984741,33,,transformer-medium+,trial=4
455,0.5945478677749634,34,,transformer-medium+,trial=4
456,0.5963066220283508,35,,transformer-medium+,trial=4
457,0.5961247086524963,36,,transformer-medium+,trial=4
458,0.5981259942054749,37,,transformer-medium+,trial=4
459,0.5958517789840698,38,,transformer-medium+,trial=4
460,0.5968221426010132,39,,transformer-medium+,trial=4
461,0.5982776284217834,40,,transformer-medium+,trial=4
462,0.6004912257194519,41,,transformer-medium+,trial=4
463,0.599460244178772,42,,transformer-medium+,trial=4
464,0.5989447236061096,43,,transformer-medium+,trial=4
465,0.6031596660614014,44,,transformer-medium+,trial=4
466,0.601825475692749,45,,transformer-medium+,trial=4
467,0.6034932136535645,46,,transformer-medium+,trial=4
468,0.5970343947410583,47,,transformer-medium+,trial=4
469,0.6016132235527039,48,,transformer-medium+,trial=4
470,0.5975498557090759,49,,transformer-medium+,trial=4
471,0.5169506669044495,0,,transformer-medium+,trial=4
472,0.5305355191230774,1,,transformer-medium+,trial=4
473,0.5372369289398193,2,,transformer-medium+,trial=4
474,0.5443932414054871,3,,transformer-medium+,trial=4
475,0.5510036945343018,4,,transformer-medium+,trial=4
476,0.5610710382461548,5,,transformer-medium+,trial=4
477,0.5664079189300537,6,,transformer-medium+,trial=4
478,0.5695008635520935,7,,transformer-medium+,trial=4
479,0.5776274800300598,8,,transformer-medium+,trial=4
480,0.5819031000137329,9,,transformer-medium+,trial=4
481,0.5860270261764526,10,,transformer-medium+,trial=4
482,0.5877555012702942,11,,transformer-medium+,trial=4
483,0.5930923819541931,12,,transformer-medium+,trial=4
484,0.5924252271652222,13,,transformer-medium+,trial=4
485,0.5932742953300476,14,,transformer-medium+,trial=4
486,0.5938504338264465,15,,transformer-medium+,trial=4
487,0.6027957797050476,16,,transformer-medium+,trial=4
488,0.6010977029800415,17,,transformer-medium+,trial=4
489,0.6134998798370361,18,,transformer-medium+,trial=4
490,0.6144702434539795,19,,transformer-medium+,trial=4
491,0.6109527349472046,20,,transformer-medium+,trial=4
492,0.6104069352149963,21,,transformer-medium+,trial=4
493,0.6175025701522827,22,,transformer-medium+,trial=4
494,0.6101340055465698,23,,transformer-medium+,trial=4
495,0.6148037910461426,24,,transformer-medium+,trial=4
496,0.6169567704200745,25,,transformer-medium+,trial=4
497,0.6173206567764282,26,,transformer-medium+,trial=4
498,0.6214749217033386,27,,transformer-medium+,trial=4
499,0.6269330978393555,28,,transformer-medium+,trial=4
500,0.6223846077919006,29,,transformer-medium+,trial=4
501,0.6184729337692261,30,,transformer-medium+,trial=4
502,0.6274788975715637,31,,transformer-medium+,trial=4
503,0.6184425950050354,32,,transformer-medium+,trial=4
504,0.6237794756889343,33,,transformer-medium+,trial=4
505,0.6304202675819397,34,,transformer-medium+,trial=4
506,0.6238704323768616,35,,transformer-medium+,trial=4
507,0.6327248215675354,36,,transformer-medium+,trial=4
508,0.625841498374939,37,,transformer-medium+,trial=4
509,0.6343622803688049,38,,transformer-medium+,trial=4
510,0.6331190466880798,39,,transformer-medium+,trial=4
511,0.6315725445747375,40,,transformer-medium+,trial=4
512,0.6317847967147827,41,,transformer-medium+,trial=4
513,0.6362119913101196,42,,transformer-medium+,trial=4
514,0.6335435509681702,43,,transformer-medium+,trial=4
515,0.6319971084594727,44,,transformer-medium+,trial=4
516,0.6318454742431641,45,,transformer-medium+,trial=4
517,0.6299957633018494,46,,transformer-medium+,trial=4
518,0.6414276361465454,47,,transformer-medium+,trial=4
519,0.6368791460990906,48,,transformer-medium+,trial=4
520,0.6332100033760071,49,,transformer-medium+,trial=4
521,0.5211959481239319,0,,transformer-medium,trial=4
522,0.5319303870201111,1,,transformer-medium,trial=4
523,0.534447193145752,2,,transformer-medium,trial=4
524,0.538176953792572,3,,transformer-medium,trial=4
525,0.5437261462211609,4,,transformer-medium,trial=4
526,0.5530959963798523,5,,transformer-medium,trial=4
527,0.556067705154419,6,,transformer-medium,trial=4
528,0.5626781582832336,7,,transformer-medium,trial=4
529,0.5683789253234863,8,,transformer-medium,trial=4
530,0.5753836035728455,9,,transformer-medium,trial=4
531,0.5833889245986938,10,,transformer-medium,trial=4
532,0.5860270261764526,11,,transformer-medium,trial=4
533,0.5964885950088501,12,,transformer-medium,trial=4
534,0.5981866717338562,13,,transformer-medium,trial=4
535,0.6007338166236877,14,,transformer-medium,trial=4
536,0.6116501688957214,15,,transformer-medium,trial=4
537,0.6141973733901978,16,,transformer-medium,trial=4
538,0.6159257888793945,17,,transformer-medium,trial=4
539,0.62132328748703,18,,transformer-medium,trial=4
540,0.6162593364715576,19,,transformer-medium,trial=4
541,0.6155315637588501,20,,transformer-medium,trial=4
542,0.6222633123397827,21,,transformer-medium,trial=4
543,0.6245375871658325,22,,transformer-medium,trial=4
544,0.6282673478126526,23,,transformer-medium,trial=4
545,0.6261143684387207,24,,transformer-medium,trial=4
546,0.6278731226921082,25,,transformer-medium,trial=4
547,0.6290860772132874,26,,transformer-medium,trial=4
548,0.6319971084594727,27,,transformer-medium,trial=4
549,0.6248407959938049,28,,transformer-medium,trial=4
550,0.6351810097694397,29,,transformer-medium,trial=4
551,0.633877158164978,30,,transformer-medium,trial=4
552,0.6366365551948547,31,,transformer-medium,trial=4
553,0.6249317526817322,32,,transformer-medium,trial=4
554,0.6413063406944275,33,,transformer-medium,trial=4
555,0.6358784437179565,34,,transformer-medium,trial=4
556,0.6364849209785461,35,,transformer-medium,trial=4
557,0.6382133364677429,36,,transformer-medium,trial=4
558,0.6341196894645691,37,,transformer-medium,trial=4
559,0.6413366198539734,38,,transformer-medium,trial=4
560,0.6370610594749451,39,,transformer-medium,trial=4
561,0.6417005062103271,40,,transformer-medium,trial=4
562,0.6428831219673157,41,,transformer-medium,trial=4
563,0.6461277008056641,42,,transformer-medium,trial=4
564,0.64057856798172,43,,transformer-medium,trial=4
565,0.6363332867622375,44,,transformer-medium,trial=4
566,0.6411547064781189,45,,transformer-medium,trial=4
567,0.638546884059906,46,,transformer-medium,trial=4
568,0.6349384188652039,47,,transformer-medium,trial=4
569,0.6349384188652039,48,,transformer-medium,trial=4
570,0.6380314230918884,49,,transformer-medium,trial=4
571,0.5270483493804932,0,,transformer-medium,trial=4
572,0.5402389764785767,1,,transformer-medium,trial=4
573,0.5477287769317627,2,,transformer-medium,trial=4
574,0.5533385872840881,3,,transformer-medium,trial=4
575,0.5547031164169312,4,,transformer-medium,trial=4
576,0.5589787364006042,5,,transformer-medium,trial=4
577,0.5600703358650208,6,,transformer-medium,trial=4
578,0.563557505607605,7,,transformer-medium,trial=4
579,0.5669840574264526,8,,transformer-medium,trial=4
580,0.5732609629631042,9,,transformer-medium,trial=4
581,0.5805385112762451,10,,transformer-medium,trial=4
582,0.5946691632270813,11,,transformer-medium,trial=4
583,0.6018860936164856,12,,transformer-medium,trial=4
584,0.6063739657402039,13,,transformer-medium,trial=4
585,0.6095882058143616,14,,transformer-medium,trial=4
586,0.6161986589431763,15,,transformer-medium,trial=4
587,0.619049072265625,16,,transformer-medium,trial=4
588,0.6109830737113953,17,,transformer-medium,trial=4
589,0.6138637661933899,18,,transformer-medium,trial=4
590,0.6253259778022766,19,,transformer-medium,trial=4
591,0.6326035261154175,20,,transformer-medium,trial=4
592,0.6279034614562988,21,,transformer-medium,trial=4
593,0.6259627342224121,22,,transformer-medium,trial=4
594,0.6292679905891418,23,,transformer-medium,trial=4
595,0.6390624046325684,24,,transformer-medium,trial=4
596,0.6457638144493103,25,,transformer-medium,trial=4
597,0.6468858122825623,26,,transformer-medium,trial=4
598,0.6439141035079956,27,,transformer-medium,trial=4
599,0.6368184685707092,28,,transformer-medium,trial=4
600,0.65859055519104,29,,transformer-medium,trial=4
601,0.6507065296173096,30,,transformer-medium,trial=4
602,0.6367578506469727,31,,transformer-medium,trial=4
603,0.6354842782020569,32,,transformer-medium,trial=4
604,0.6465219259262085,33,,transformer-medium,trial=4
605,0.6537085175514221,34,,transformer-medium,trial=4
606,0.6465825438499451,35,,transformer-medium,trial=4
607,0.6470677256584167,36,,transformer-medium,trial=4
608,0.6302989721298218,37,,transformer-medium,trial=4
609,0.6623506546020508,38,,transformer-medium,trial=4
610,0.6461883783340454,39,,transformer-medium,trial=4
611,0.6448541283607483,40,,transformer-medium,trial=4
612,0.6618351340293884,41,,transformer-medium,trial=4
613,0.6654436588287354,42,,transformer-medium,trial=4
614,0.6658074855804443,43,,transformer-medium,trial=4
615,0.6430347561836243,44,,transformer-medium,trial=4
616,0.6579841375350952,45,,transformer-medium,trial=4
617,0.6671417355537415,46,,transformer-medium,trial=4
618,0.6755412817001343,47,,transformer-medium,trial=4
619,0.6604099869728088,48,,transformer-medium,trial=4
620,0.6708411574363708,49,,transformer-medium,trial=4
621,0.5263205766677856,0,,transformer-medium,trial=4
622,0.5398144125938416,1,,transformer-medium,trial=4
623,0.5482139587402344,2,,transformer-medium,trial=4
624,0.5523076057434082,3,,transformer-medium,trial=4
625,0.555855393409729,4,,transformer-medium,trial=4
626,0.5567651391029358,5,,transformer-medium,trial=4
627,0.5573715567588806,6,,transformer-medium,trial=4
628,0.5597671270370483,7,,transformer-medium,trial=4
629,0.5669840574264526,8,,transformer-medium,trial=4
630,0.5793862342834473,9,,transformer-medium,trial=4
631,0.5826308727264404,10,,transformer-medium,trial=4
632,0.5893019437789917,11,,transformer-medium,trial=4
633,0.5939111113548279,12,,transformer-medium,trial=4
634,0.5949420928955078,13,,transformer-medium,trial=4
635,0.6061919927597046,14,,transformer-medium,trial=4
636,0.5980047583580017,15,,transformer-medium,trial=4
637,0.6047971248626709,16,,transformer-medium,trial=4
638,0.5977621674537659,17,,transformer-medium,trial=4
639,0.6115288734436035,18,,transformer-medium,trial=4
640,0.6075565814971924,19,,transformer-medium,trial=4
641,0.6194735765457153,20,,transformer-medium,trial=4
642,0.6105888485908508,21,,transformer-medium,trial=4
643,0.6133179664611816,22,,transformer-medium,trial=4
644,0.6158651113510132,23,,transformer-medium,trial=4
645,0.6231729984283447,24,,transformer-medium,trial=4
646,0.6252956390380859,25,,transformer-medium,trial=4
647,0.6161380410194397,26,,transformer-medium,trial=4
648,0.6251440644264221,27,,transformer-medium,trial=4
649,0.6258111596107483,28,,transformer-medium,trial=4
650,0.6295105814933777,29,,transformer-medium,trial=4
651,0.6369094252586365,30,,transformer-medium,trial=4
652,0.6284492611885071,31,,transformer-medium,trial=4
653,0.6280550956726074,32,,transformer-medium,trial=4
654,0.6240524053573608,33,,transformer-medium,trial=4
655,0.6425799131393433,34,,transformer-medium,trial=4
656,0.6318454742431641,35,,transformer-medium,trial=4
657,0.6363030076026917,36,,transformer-medium,trial=4
658,0.6409121155738831,37,,transformer-medium,trial=4
659,0.6360300779342651,38,,transformer-medium,trial=4
660,0.6446722149848938,39,,transformer-medium,trial=4
661,0.639668881893158,40,,transformer-medium,trial=4
662,0.6293589472770691,41,,transformer-medium,trial=4
663,0.6417308449745178,42,,transformer-medium,trial=4
664,0.6364545822143555,43,,transformer-medium,trial=4
665,0.6366971731185913,44,,transformer-medium,trial=4
666,0.642852783203125,45,,transformer-medium,trial=4
667,0.6421856880187988,46,,transformer-medium,trial=4
668,0.6372430324554443,47,,transformer-medium,trial=4
669,0.6313906311988831,48,,transformer-medium,trial=4
670,0.647704541683197,49,,transformer-medium,trial=4
671,0.5257444381713867,0,,transformer-medium,trial=4
672,0.5394505262374878,1,,transformer-medium,trial=4
673,0.5435745120048523,2,,transformer-medium,trial=4
674,0.5490023493766785,3,,transformer-medium,trial=4
675,0.554490864276886,4,,transformer-medium,trial=4
676,0.5594941973686218,5,,transformer-medium,trial=4
677,0.5642549395561218,6,,transformer-medium,trial=4
678,0.5705318450927734,7,,transformer-medium,trial=4
679,0.5792346596717834,8,,transformer-medium,trial=4
680,0.572260320186615,9,,transformer-medium,trial=4
681,0.5851476788520813,10,,transformer-medium,trial=4
682,0.5889987349510193,11,,transformer-medium,trial=4
683,0.5981866717338562,12,,transformer-medium,trial=4
684,0.598095715045929,13,,transformer-medium,trial=4
685,0.5980350375175476,14,,transformer-medium,trial=4
686,0.617472231388092,15,,transformer-medium,trial=4
687,0.6187458038330078,16,,transformer-medium,trial=4
688,0.6084965467453003,17,,transformer-medium,trial=4
689,0.6205045580863953,18,,transformer-medium,trial=4
690,0.6237491369247437,19,,transformer-medium,trial=4
691,0.6264782547950745,20,,transformer-medium,trial=4
692,0.6313602924346924,21,,transformer-medium,trial=4
693,0.6320577263832092,22,,transformer-medium,trial=4
694,0.6349384188652039,23,,transformer-medium,trial=4
695,0.6353326439857483,24,,transformer-medium,trial=4
696,0.6247801780700684,25,,transformer-medium,trial=4
697,0.6331797242164612,26,,transformer-medium,trial=4
698,0.6428831219673157,27,,transformer-medium,trial=4
699,0.6427012085914612,28,,transformer-medium,trial=4
700,0.6379101276397705,29,,transformer-medium,trial=4
701,0.6452483534812927,30,,transformer-medium,trial=4
702,0.64057856798172,31,,transformer-medium,trial=4
703,0.6340894103050232,32,,transformer-medium,trial=4
704,0.6461883783340454,33,,transformer-medium,trial=4
705,0.6504033207893372,34,,transformer-medium,trial=4
706,0.6443689465522766,35,,transformer-medium,trial=4
707,0.6362119913101196,36,,transformer-medium,trial=4
708,0.6445509195327759,37,,transformer-medium,trial=4
709,0.6430044174194336,38,,transformer-medium,trial=4
710,0.6456122398376465,39,,transformer-medium,trial=4
711,0.6395172476768494,40,,transformer-medium,trial=4
712,0.6446115374565125,41,,transformer-medium,trial=4
713,0.6399417519569397,42,,transformer-medium,trial=4
714,0.6524956226348877,43,,transformer-medium,trial=4
715,0.6440960764884949,44,,transformer-medium,trial=4
716,0.6353326439857483,45,,transformer-medium,trial=4
717,0.6422160267829895,46,,transformer-medium,trial=4
718,0.6513433456420898,47,,transformer-medium,trial=4
719,0.623809814453125,48,,transformer-medium,trial=4
720,0.6438838243484497,49,,transformer-medium,trial=4
721,0.5248953700065613,0,,transformer-medium,trial=4
722,0.538753092288971,1,,transformer-medium,trial=4
723,0.5428164005279541,2,,transformer-medium,trial=4
724,0.5459700226783752,3,,transformer-medium,trial=4
725,0.5490933060646057,4,,transformer-medium,trial=4
726,0.5500636696815491,5,,transformer-medium,trial=4
727,0.5565528273582458,6,,transformer-medium,trial=4
728,0.5583115816116333,7,,transformer-medium,trial=4
729,0.5640730261802673,8,,transformer-medium,trial=4
730,0.5708957314491272,9,,transformer-medium,trial=4
731,0.5714718699455261,10,,transformer-medium,trial=4
732,0.5795378684997559,11,,transformer-medium,trial=4
733,0.5906361937522888,12,,transformer-medium,trial=4
734,0.5934562683105469,13,,transformer-medium,trial=4
735,0.5911819934844971,14,,transformer-medium,trial=4
736,0.6040087342262268,15,,transformer-medium,trial=4
737,0.6079810857772827,16,,transformer-medium,trial=4
738,0.6112862825393677,17,,transformer-medium,trial=4
739,0.6112256646156311,18,,transformer-medium,trial=4
740,0.6197161674499512,19,,transformer-medium,trial=4
741,0.6144096255302429,20,,transformer-medium,trial=4
742,0.6251137256622314,21,,transformer-medium,trial=4
743,0.6191096901893616,22,,transformer-medium,trial=4
744,0.6248407959938049,23,,transformer-medium,trial=4
745,0.6266298890113831,24,,transformer-medium,trial=4
746,0.6254472732543945,25,,transformer-medium,trial=4
747,0.6299957633018494,26,,transformer-medium,trial=4
748,0.6269634366035461,27,,transformer-medium,trial=4
749,0.6380010843276978,28,,transformer-medium,trial=4
750,0.6364545822143555,29,,transformer-medium,trial=4
751,0.6382436752319336,30,,transformer-medium,trial=4
752,0.6234155893325806,31,,transformer-medium,trial=4
753,0.6401540637016296,32,,transformer-medium,trial=4
754,0.640457272529602,33,,transformer-medium,trial=4
755,0.6414276361465454,34,,transformer-medium,trial=4
756,0.6365758776664734,35,,transformer-medium,trial=4
757,0.6316028833389282,36,,transformer-medium,trial=4
758,0.6404876112937927,37,,transformer-medium,trial=4
759,0.6434592604637146,38,,transformer-medium,trial=4
760,0.6446722149848938,39,,transformer-medium,trial=4
761,0.6392443180084229,40,,transformer-medium,trial=4
762,0.6311177015304565,41,,transformer-medium,trial=4
763,0.6469464302062988,42,,transformer-medium,trial=4
764,0.6397294998168945,43,,transformer-medium,trial=4
765,0.6519194841384888,44,,transformer-medium,trial=4
766,0.6389714479446411,45,,transformer-medium,trial=4
767,0.6491600275039673,46,,transformer-medium,trial=4
768,0.6497058868408203,47,,transformer-medium,trial=4
769,0.6538601517677307,48,,transformer-medium,trial=4
770,0.6522530317306519,49,,transformer-medium,trial=4
771,0.5194068551063538,0,,transformer-medium+,magic-wood-17
772,0.533871054649353,1,,transformer-medium+,magic-wood-17
773,0.5426951050758362,2,,transformer-medium+,magic-wood-17
774,0.5514888763427734,3,,transformer-medium+,magic-wood-17
775,0.5643762350082397,4,,transformer-medium+,magic-wood-17
776,0.5662562847137451,5,,transformer-medium+,magic-wood-17
777,0.5797804594039917,6,,transformer-medium+,magic-wood-17
778,0.5892716646194458,7,,transformer-medium+,magic-wood-17
779,0.5955788493156433,8,,transformer-medium+,magic-wood-17
780,0.5982472896575928,9,,transformer-medium+,magic-wood-17
781,0.6034325957298279,10,,transformer-medium+,magic-wood-17
782,0.6040087342262268,11,,transformer-medium+,magic-wood-17
783,0.6099520921707153,12,,transformer-medium+,magic-wood-17
784,0.615198016166687,13,,transformer-medium+,magic-wood-17
785,0.6104978919029236,14,,transformer-medium+,magic-wood-17
786,0.6161683797836304,15,,transformer-medium+,magic-wood-17
787,0.6225665807723999,16,,transformer-medium+,magic-wood-17
788,0.6264782547950745,17,,transformer-medium+,magic-wood-17
789,0.6284492611885071,18,,transformer-medium+,magic-wood-17
790,0.6314512491226196,19,,transformer-medium+,magic-wood-17
791,0.6297228336334229,20,,transformer-medium+,magic-wood-17
792,0.6326945424079895,21,,transformer-medium+,magic-wood-17
793,0.6322093605995178,22,,transformer-medium+,magic-wood-17
794,0.6389411091804504,23,,transformer-medium+,magic-wood-17
795,0.6383043527603149,24,,transformer-medium+,magic-wood-17
796,0.6389411091804504,25,,transformer-medium+,magic-wood-17
797,0.6396385431289673,26,,transformer-medium+,magic-wood-17
798,0.6450967192649841,27,,transformer-medium+,magic-wood-17
799,0.6382436752319336,28,,transformer-medium+,magic-wood-17
800,0.6403359770774841,29,,transformer-medium+,magic-wood-17
801,0.644884467124939,30,,transformer-medium+,magic-wood-17
802,0.6437928080558777,31,,transformer-medium+,magic-wood-17
803,0.644429624080658,32,,transformer-medium+,magic-wood-17
804,0.6485838890075684,33,,transformer-medium+,magic-wood-17
805,0.6541936993598938,34,,transformer-medium+,magic-wood-17
806,0.6513130068778992,35,,transformer-medium+,magic-wood-17
807,0.6479167938232422,36,,transformer-medium+,magic-wood-17
808,0.6479167938232422,37,,transformer-medium+,magic-wood-17
809,0.6504335999488831,38,,transformer-medium+,magic-wood-17
810,0.6467645168304443,39,,transformer-medium+,magic-wood-17
811,0.6501303911209106,40,,transformer-medium+,magic-wood-17
812,0.6509491205215454,41,,transformer-medium+,magic-wood-17
813,0.6546182036399841,42,,transformer-medium+,magic-wood-17
814,0.6537388563156128,43,,transformer-medium+,magic-wood-17
815,0.6543149948120117,44,,transformer-medium+,magic-wood-17
816,0.6590757369995117,45,,transformer-medium+,magic-wood-17
817,0.6489174365997314,46,,transformer-medium+,magic-wood-17
818,0.6561040878295898,47,,transformer-medium+,magic-wood-17
819,0.65010005235672,48,,transformer-medium+,magic-wood-17
820,0.6578931212425232,49,,transformer-medium+,magic-wood-17
821,0.5218024253845215,0,,transformer-medium+,classic-yogurt-15
822,0.5317484140396118,1,,transformer-medium+,classic-yogurt-15
823,0.5375401973724365,2,,transformer-medium+,classic-yogurt-15
824,0.5456971526145935,3,,transformer-medium+,classic-yogurt-15
825,0.5471526384353638,4,,transformer-medium+,classic-yogurt-15
826,0.5493965744972229,5,,transformer-medium+,classic-yogurt-15
827,0.5510340332984924,6,,transformer-medium+,classic-yogurt-15
828,0.5510643720626831,7,,transformer-medium+,classic-yogurt-15
829,0.5557947754859924,8,,transformer-medium+,classic-yogurt-15
830,0.5575231909751892,9,,transformer-medium+,classic-yogurt-15
831,0.5563405752182007,10,,transformer-medium+,classic-yogurt-15
832,0.5609800219535828,11,,transformer-medium+,classic-yogurt-15
833,0.5623446106910706,12,,transformer-medium+,classic-yogurt-15
834,0.5644065737724304,13,,transformer-medium+,classic-yogurt-15
835,0.5697434544563293,14,,transformer-medium+,classic-yogurt-15
836,0.5701982975006104,15,,transformer-medium+,classic-yogurt-15
837,0.5735338926315308,16,,transformer-medium+,classic-yogurt-15
838,0.5756261944770813,17,,transformer-medium+,classic-yogurt-15
839,0.5800230503082275,18,,transformer-medium+,classic-yogurt-15
840,0.5796591639518738,19,,transformer-medium+,classic-yogurt-15
841,0.5773546099662781,20,,transformer-medium+,classic-yogurt-15
842,0.5856934785842896,21,,transformer-medium+,classic-yogurt-15
843,0.5865728855133057,22,,transformer-medium+,classic-yogurt-15
844,0.5816605091094971,23,,transformer-medium+,classic-yogurt-15
845,0.584510862827301,24,,transformer-medium+,classic-yogurt-15
846,0.5861483216285706,25,,transformer-medium+,classic-yogurt-15
847,0.589938759803772,26,,transformer-medium+,classic-yogurt-15
848,0.5902419686317444,27,,transformer-medium+,classic-yogurt-15
849,0.5925768613815308,28,,transformer-medium+,classic-yogurt-15
850,0.5899690985679626,29,,transformer-medium+,classic-yogurt-15
851,0.5919401049613953,30,,transformer-medium+,classic-yogurt-15
852,0.5925465226173401,31,,transformer-medium+,classic-yogurt-15
853,0.5991873145103455,32,,transformer-medium+,classic-yogurt-15
854,0.6021893620491028,33,,transformer-medium+,classic-yogurt-15
855,0.6002789735794067,34,,transformer-medium+,classic-yogurt-15
856,0.5952756404876709,35,,transformer-medium+,classic-yogurt-15
857,0.6019164323806763,36,,transformer-medium+,classic-yogurt-15
858,0.6020680665969849,37,,transformer-medium+,classic-yogurt-15
859,0.6081629991531372,38,,transformer-medium+,classic-yogurt-15
860,0.6024319529533386,39,,transformer-medium+,classic-yogurt-15
861,0.6124992370605469,40,,transformer-medium+,classic-yogurt-15
862,0.6147128343582153,41,,transformer-medium+,classic-yogurt-15
863,0.6155315637588501,42,,transformer-medium+,classic-yogurt-15
864,0.6155012249946594,43,,transformer-medium+,classic-yogurt-15
865,0.6170780658721924,44,,transformer-medium+,classic-yogurt-15
866,0.5239553451538086,0,,transformer-medium+,lucky-paper-14
867,0.5371763110160828,1,,transformer-medium+,lucky-paper-14
868,0.5412092804908752,2,,transformer-medium+,lucky-paper-14
869,0.5460307002067566,3,,transformer-medium+,lucky-paper-14
870,0.5516101717948914,4,,transformer-medium+,lucky-paper-14
871,0.5591606497764587,5,,transformer-medium+,lucky-paper-14
872,0.5605555176734924,6,,transformer-medium+,lucky-paper-14
873,0.5181636214256287,0,,relational_abstractor-medium,usual-firefly-3
874,0.5344168543815613,1,,relational_abstractor-medium,usual-firefly-3
875,0.5495784878730774,2,,relational_abstractor-medium,usual-firefly-3
876,0.5556734800338745,3,,relational_abstractor-medium,usual-firefly-3
877,0.5621323585510254,4,,relational_abstractor-medium,usual-firefly-3
878,0.5651646256446838,5,,relational_abstractor-medium,usual-firefly-3
879,0.5741100311279297,6,,relational_abstractor-medium,usual-firefly-3
880,0.6206561923027039,7,,relational_abstractor-medium,usual-firefly-3
881,0.6461580395698547,8,,relational_abstractor-medium,usual-firefly-3
882,0.649978756904602,9,,relational_abstractor-medium,usual-firefly-3
883,0.6666565537452698,10,,relational_abstractor-medium,usual-firefly-3
884,0.6780580878257751,11,,relational_abstractor-medium,usual-firefly-3
885,0.6821820735931396,12,,relational_abstractor-medium,usual-firefly-3
886,0.6937655210494995,13,,relational_abstractor-medium,usual-firefly-3
887,0.6986475586891174,14,,relational_abstractor-medium,usual-firefly-3
888,0.7019528150558472,15,,relational_abstractor-medium,usual-firefly-3
889,0.6979804635047913,16,,relational_abstractor-medium,usual-firefly-3
890,0.7115046381950378,17,,relational_abstractor-medium,usual-firefly-3
891,0.700376033782959,18,,relational_abstractor-medium,usual-firefly-3
892,0.7244526743888855,19,,relational_abstractor-medium,usual-firefly-3
893,0.7244526743888855,20,,relational_abstractor-medium,usual-firefly-3
894,0.7283946871757507,21,,relational_abstractor-medium,usual-firefly-3
895,0.7257262468338013,22,,relational_abstractor-medium,usual-firefly-3
896,0.734701931476593,23,,relational_abstractor-medium,usual-firefly-3
897,0.7337315678596497,24,,relational_abstractor-medium,usual-firefly-3
898,0.7387045621871948,25,,relational_abstractor-medium,usual-firefly-3
899,0.7439202070236206,26,,relational_abstractor-medium,usual-firefly-3
900,0.7473466992378235,27,,relational_abstractor-medium,usual-firefly-3
901,0.7456789612770081,28,,relational_abstractor-medium,usual-firefly-3
902,0.7489235401153564,29,,relational_abstractor-medium,usual-firefly-3
903,0.7583237290382385,30,,relational_abstractor-medium,usual-firefly-3
904,0.7520468235015869,31,,relational_abstractor-medium,usual-firefly-3
905,0.756231427192688,32,,relational_abstractor-medium,usual-firefly-3
906,0.7527139186859131,33,,relational_abstractor-medium,usual-firefly-3
907,0.7445569634437561,34,,relational_abstractor-medium,usual-firefly-3
908,0.7406149506568909,35,,relational_abstractor-medium,usual-firefly-3
909,0.7586876153945923,36,,relational_abstractor-medium,usual-firefly-3
910,0.7551701068878174,37,,relational_abstractor-medium,usual-firefly-3
911,0.7604160308837891,38,,relational_abstractor-medium,usual-firefly-3
912,0.7425859570503235,39,,relational_abstractor-medium,usual-firefly-3
913,0.7523500323295593,40,,relational_abstractor-medium,usual-firefly-3
914,0.7501364350318909,41,,relational_abstractor-medium,usual-firefly-3
915,0.7607192397117615,42,,relational_abstractor-medium,usual-firefly-3
916,0.7659045457839966,43,,relational_abstractor-medium,usual-firefly-3
917,0.7708169221878052,44,,relational_abstractor-medium,usual-firefly-3
918,0.768572986125946,45,,relational_abstractor-medium,usual-firefly-3
919,0.7592334151268005,46,,relational_abstractor-medium,usual-firefly-3
920,0.5195281505584717,0,,relational_abstractor2-medium,denim-surf-2
921,0.5306568145751953,1,,relational_abstractor2-medium,denim-surf-2
922,0.4963308870792389,2,,relational_abstractor2-medium,denim-surf-2
923,0.44963309168815613,3,,relational_abstractor2-medium,denim-surf-2
924,0.44978469610214233,4,,relational_abstractor2-medium,denim-surf-2
925,0.4605494439601898,5,,relational_abstractor2-medium,denim-surf-2
926,0.5112196207046509,6,,relational_abstractor2-medium,denim-surf-2
927,0.48887136578559875,7,,relational_abstractor2-medium,denim-surf-2
928,0.4967554211616516,8,,relational_abstractor2-medium,denim-surf-2
929,0.512008011341095,9,,relational_abstractor2-medium,denim-surf-2
930,0.5357511043548584,10,,relational_abstractor2-medium,denim-surf-2
931,0.524349570274353,11,,relational_abstractor2-medium,denim-surf-2
932,0.5585238933563232,12,,relational_abstractor2-medium,denim-surf-2
933,0.5228030681610107,13,,relational_abstractor2-medium,denim-surf-2
934,0.5495178699493408,14,,relational_abstractor2-medium,denim-surf-2
935,0.5471222996711731,15,,relational_abstractor2-medium,denim-surf-2
936,0.5498817563056946,16,,relational_abstractor2-medium,denim-surf-2
937,0.5641943216323853,17,,relational_abstractor2-medium,denim-surf-2
938,0.5621626377105713,18,,relational_abstractor2-medium,denim-surf-2
939,0.5852993130683899,19,,relational_abstractor2-medium,denim-surf-2
940,0.5815695524215698,20,,relational_abstractor2-medium,denim-surf-2
941,0.5842379927635193,21,,relational_abstractor2-medium,denim-surf-2
942,0.5824185609817505,22,,relational_abstractor2-medium,denim-surf-2
943,0.5854508876800537,23,,relational_abstractor2-medium,denim-surf-2
944,0.5798107981681824,24,,relational_abstractor2-medium,denim-surf-2
945,0.5826611518859863,25,,relational_abstractor2-medium,denim-surf-2
946,0.5843895673751831,26,,relational_abstractor2-medium,denim-surf-2
947,0.5834192633628845,27,,relational_abstractor2-medium,denim-surf-2
948,0.5792043209075928,28,,relational_abstractor2-medium,denim-surf-2
949,0.5912123322486877,29,,relational_abstractor2-medium,denim-surf-2
950,0.5936988592147827,30,,relational_abstractor2-medium,denim-surf-2
951,0.5913639664649963,31,,relational_abstractor2-medium,denim-surf-2
952,0.5873916149139404,32,,relational_abstractor2-medium,denim-surf-2
953,0.5894535779953003,33,,relational_abstractor2-medium,denim-surf-2
954,0.6000970602035522,34,,relational_abstractor2-medium,denim-surf-2
955,0.5784462094306946,35,,relational_abstractor2-medium,denim-surf-2
956,0.6010977029800415,36,,relational_abstractor2-medium,denim-surf-2
957,0.5916064977645874,37,,relational_abstractor2-medium,denim-surf-2
958,0.60331130027771,38,,relational_abstractor2-medium,denim-surf-2
959,0.609436571598053,39,,relational_abstractor2-medium,denim-surf-2
960,0.6033719182014465,40,,relational_abstractor2-medium,denim-surf-2
961,0.6033719182014465,41,,relational_abstractor2-medium,denim-surf-2
962,0.5989144444465637,42,,relational_abstractor2-medium,denim-surf-2
963,0.6045242547988892,43,,relational_abstractor2-medium,denim-surf-2
964,0.6016132235527039,44,,relational_abstractor2-medium,denim-surf-2
965,0.6063739657402039,45,,relational_abstractor2-medium,denim-surf-2
966,0.6067984700202942,46,,relational_abstractor2-medium,denim-surf-2
967,0.519133985042572,0,,transformer-medium,revived-spaceship-1
968,0.5315361618995667,1,,transformer-medium,revived-spaceship-1
969,0.5400570034980774,2,,transformer-medium,revived-spaceship-1
970,0.5487900972366333,3,,transformer-medium,revived-spaceship-1
971,0.5518831014633179,4,,transformer-medium,revived-spaceship-1
972,0.5512159466743469,5,,transformer-medium,revived-spaceship-1
973,0.5550366640090942,6,,transformer-medium,revived-spaceship-1
974,0.5666201710700989,7,,transformer-medium,revived-spaceship-1
975,0.5827218294143677,8,,transformer-medium,revived-spaceship-1
976,0.585178017616272,9,,transformer-medium,revived-spaceship-1
977,0.5907271504402161,10,,transformer-medium,revived-spaceship-1
978,0.6001273393630981,11,,transformer-medium,revived-spaceship-1
979,0.60704106092453,12,,transformer-medium,revived-spaceship-1
980,0.6179574131965637,13,,transformer-medium,revived-spaceship-1
981,0.6203226447105408,14,,transformer-medium,revived-spaceship-1
982,0.6252350211143494,15,,transformer-medium,revived-spaceship-1
983,0.629571259021759,16,,transformer-medium,revived-spaceship-1
984,0.6345139145851135,17,,transformer-medium,revived-spaceship-1
985,0.6319971084594727,18,,transformer-medium,revived-spaceship-1
986,0.6399720907211304,19,,transformer-medium,revived-spaceship-1
987,0.6410637497901917,20,,transformer-medium,revived-spaceship-1
988,0.6408211588859558,21,,transformer-medium,revived-spaceship-1
989,0.6442476511001587,22,,transformer-medium,revived-spaceship-1
990,0.6434592604637146,23,,transformer-medium,revived-spaceship-1
991,0.6525562405586243,24,,transformer-medium,revived-spaceship-1
992,0.6529808044433594,25,,transformer-medium,revived-spaceship-1
993,0.6517678499221802,26,,transformer-medium,revived-spaceship-1
994,0.6521620750427246,27,,transformer-medium,revived-spaceship-1
995,0.6487658619880676,28,,transformer-medium,revived-spaceship-1
996,0.6528291702270508,29,,transformer-medium,revived-spaceship-1
997,0.6521923542022705,30,,transformer-medium,revived-spaceship-1
998,0.6522530317306519,31,,transformer-medium,revived-spaceship-1
999,0.654284656047821,32,,transformer-medium,revived-spaceship-1
1000,0.6535872220993042,33,,transformer-medium,revived-spaceship-1
1001,0.651009738445282,34,,transformer-medium,revived-spaceship-1
1002,0.6561950445175171,35,,transformer-medium,revived-spaceship-1
1003,0.654951810836792,36,,transformer-medium,revived-spaceship-1
1004,0.659712553024292,37,,transformer-medium,revived-spaceship-1
1005,0.6561647057533264,38,,transformer-medium,revived-spaceship-1
1006,0.6578628420829773,39,,transformer-medium,revived-spaceship-1
1007,0.6594699621200562,40,,transformer-medium,revived-spaceship-1
1008,0.6627448797225952,41,,transformer-medium,revived-spaceship-1
1009,0.653374969959259,42,,transformer-medium,revived-spaceship-1
1010,0.6563466787338257,43,,transformer-medium,revived-spaceship-1
1011,0.6595912575721741,44,,transformer-medium,revived-spaceship-1
1012,0.6588938236236572,45,,transformer-medium,revived-spaceship-1
1013,0.6653223633766174,46,,transformer-medium,revived-spaceship-1
1014,0.6643519997596741,47,,transformer-medium,revived-spaceship-1
1015,0.6610467433929443,48,,transformer-medium,revived-spaceship-1
1016,0.6612893342971802,49,,transformer-medium,revived-spaceship-1
